,pf
2015-01-05,0.0
2015-01-06,-0.0345252244539751
2015-01-07,0.10477759201883585
2015-01-08,0.06813624480876646
2015-01-09,-0.11671745869537886
2015-01-12,-0.21950166513578118
2015-01-13,-0.21125497541033433
2015-01-14,-0.06215234540556491
2015-01-15,0.07682998962025223
2015-01-16,-0.057408430328099724
2015-01-19,-0.0673007921097688
2015-01-20,-0.003031728896653152
2015-01-21,-0.11942015696539798
2015-01-22,0.3038380085700647
2015-01-23,-0.17397747393757557
2015-01-26,0.13167520984955494
2015-01-27,0.08707940006142278
2015-01-28,-0.05427562080476067
2015-01-29,0.13581813605325588
2015-01-30,0.13135346406236115
2015-02-02,0.11887088037312155
2015-02-03,0.176539944513457
2015-02-04,-0.06690936595179708
2015-02-05,-0.038425326217767286
2015-02-06,0.002864742876219073
2015-02-09,-0.08387836149730432
2015-02-10,0.18689863040736454
2015-02-11,0.1137204186427142
2015-02-12,0.10986768172802486
2015-02-13,0.06945473097221977
2015-02-16,-0.002490498524287177
2015-02-17,-0.1771674417896396
2015-02-18,0.05402188464543389
2015-02-19,0.15810365690090245
2015-02-20,-0.053452075161540935
2015-02-23,-0.11442746188995279
2015-02-24,-0.023403347919109696
2015-02-25,0.09611215478935276
2015-02-26,-0.15614784710927765
2015-02-27,0.11991987779343405
2015-03-02,0.11140244321824844
2015-03-03,-0.008082962432995555
2015-03-05,0.2220272097221957
2015-03-06,0.026033821889097197
2015-03-09,0.036135312508880135
2015-03-10,-0.0786764623161671
2015-03-11,0.1797492916172675
2015-03-12,-0.019409853035216806
2015-03-13,0.05176146391119674
2015-03-16,0.059924815038795654
2015-03-17,0.07806118995008093
2015-03-18,0.12386328872107677
2015-03-19,-0.06937795299623506
2015-03-20,0.041870421698492866
2015-03-23,-0.03613300825060084
2015-03-24,0.1798622315470393
2015-03-25,-0.06317810760571352
2015-03-26,0.17251419009346514
2015-03-27,-0.10027163740037282
2015-03-30,0.023334332156804583
2015-03-31,-0.06595905130992386
2015-04-01,-0.21272092775626616
2015-04-02,0.32423354701225315
2015-04-03,-0.03127986354391732
2015-04-07,0.05618809498487254
2015-04-08,-0.08717397460657617
2015-04-09,0.0073878127653093095
2015-04-10,0.045178810719451956
2015-04-16,0.24082898245592943
2015-04-17,0.18433457770027384
2015-04-20,-0.11619036229378998
2015-04-21,0.07217947187872198
2015-04-22,-0.012003642354586064
2015-04-23,-0.140612475722243
2015-04-24,0.08596608575629561
2015-04-27,-0.030433259727013606
2015-04-28,0.10287281241561541
2015-04-29,-0.11153947128687591
2015-04-30,0.1076704674709662
2015-05-04,0.0
2015-05-06,0.09105219448188384
2015-05-07,-0.14937039152944853
2015-05-08,-0.0863959979150497
2015-05-11,0.05544185016365666
2015-05-12,-0.1179135262291795
2015-05-13,-0.04089798267765854
2015-05-14,0.022319810718786526
2015-05-15,0.08505964692152723
2015-05-18,-0.07523909662985673
2015-05-19,0.03646533917484018
2015-05-20,-0.1324662703159576
2015-05-21,-0.013443794994675518
2015-05-22,-0.06081490075401008
2015-05-25,0.005306339008388838
2015-05-26,0.08715524484383663
2015-05-27,-0.005781989125442699
2015-05-28,0.030525959599606023
2015-05-29,-0.08433404001481692
2015-06-02,0.0720187851761902
2015-06-03,-0.0368401515834359
2015-06-04,-0.09614992627298136
2015-06-05,0.0629098285787818
2015-06-08,0.003529947760623098
2015-06-09,0.014068762035998827
2015-06-10,0.009426266151527196
2015-06-11,-0.07879797145537326
2015-06-12,0.014653328784404285
2015-06-15,-0.03008665351816675
2015-06-16,0.07102447825916292
2015-06-17,0.03189633427159544
2015-06-18,-0.002749547138620967
2015-06-19,0.2397829593809926
2015-06-22,-0.056067016242681844
2015-06-23,-0.0028638415009982765
2015-06-24,0.22803510990755382
2015-06-25,-0.0813939400202055
2015-06-26,-0.10338791514887113
2015-06-29,0.02285014347169989
2015-06-30,0.02751391203193576
2015-07-02,-0.20247210584369324
2015-07-03,0.037457775907547064
2015-07-06,-0.07248513861403749
2015-07-07,-0.056700779031436443
2015-07-08,-0.05568370455994376
2015-07-09,-0.04153939711540122
2015-07-10,0.0060298207787722324
2015-07-13,0.0035704656339120566
2015-07-14,-0.03616245280720998
2015-07-15,0.08176206691806764
2015-07-16,0.11358242264802731
2015-07-17,-0.08586418107147098
2015-07-20,-0.009073192557963239
2015-07-21,0.013081837207415625
2015-07-22,-0.021435979781364467
2015-07-23,-0.21739506235476247
2015-07-24,-0.1231737463941297
2015-07-27,-0.1156667527394385
2015-07-28,0.10532904350236727
2015-07-29,-0.026164753086619252
2015-07-31,0.11285353273397658
2015-08-03,-0.028856376706416387
2015-08-04,0.10364199034816457
2015-08-05,0.014045607226765733
2015-08-06,-0.0922600586076241
2015-08-07,-0.030949886447404595
2015-08-10,-0.2051074852794943
2015-08-11,-0.0830552890476367
2015-08-13,0.18872273130829176
2015-08-14,0.032904769705554116
2015-08-17,0.0412442221652326
2015-08-18,0.12692201033105033
2015-08-19,0.018413556355698524
2015-08-20,-0.2967229142206331
2015-08-21,-0.10007501486332837
2015-08-24,-0.2841692062861737
2015-08-25,0.3338852776758361
2015-08-26,-0.1757508216524465
2015-08-27,0.12228390204385686
2015-08-28,0.10204287879099028
2015-08-31,-0.05026958887186761
2015-09-01,-0.23275770726472433
2015-09-02,-0.013180260443918845
2015-09-03,-0.179923144612117
2015-09-04,0.17540075113084697
2015-09-07,0.11816888758545896
2015-09-08,-0.06288353266677926
2015-09-09,0.15166887627454984
2015-09-10,0.07584841224316585
2015-09-11,-0.06145603178288239
2015-09-14,-0.14775278933331348
2015-09-15,0.014120490728027457
2015-09-16,0.12815444942576648
2015-09-17,0.010017041107344471
2015-09-18,-0.039454001153806706
2015-09-21,-0.07201194382979959
2015-09-22,-0.005467821325473077
2015-09-23,0.028079716301024016
2015-09-24,0.03403476217683976
2015-09-25,-0.03590663139397343
2015-09-28,-0.06840382072444506
2015-09-29,-0.034994106288321
2015-09-30,0.08816144336491105
2015-10-01,-0.06362455543398426
2015-10-02,-0.023142876628296505
2015-10-05,0.04679066174646063
2015-10-06,-0.03517870186630667
2015-10-07,0.3253052205312017
2015-10-08,-0.14466769211230224
2015-10-09,0.04060789000884446
2015-10-12,-0.05531402932959173
2015-10-13,-0.14525399160171226
2015-10-14,-0.13593690122445667
2015-10-15,0.0667721362509145
2015-10-16,0.16442914164720723
2015-10-19,-0.12430572999572442
2015-10-20,-0.11780931436345243
2015-10-21,0.10110445838816962
2015-10-22,0.015157946923165855
2015-10-26,0.019247456593784684
2015-10-27,0.0038213875430679334
2015-10-28,-0.08701869555369424
2015-10-29,0.04930973286639928
2015-10-30,-0.07651378162414713
2015-11-02,0.16351264248769037
2015-11-03,-0.06396443704919452
2015-11-04,0.07923076850839361
2015-11-05,-0.13530144067358363
2015-11-06,-0.02247868176050949
2015-11-09,-0.03421991142825265
2015-11-10,-0.028593461470166837
2015-11-11,-0.013488168124099809
2015-11-12,0.03152966641052313
2015-11-13,0.04679280240460004
2015-11-16,-0.1494994991939993
2015-11-17,-0.05515951407030084
2015-11-18,-0.013366106443151615
2015-11-19,-0.059172690301980024
2015-11-20,0.06903878527109608
2015-11-23,-0.189679533831292
2015-11-24,-0.14360681415239185
2015-11-25,0.055143231501510126
2015-11-26,-0.02238432254248579
2015-11-27,-0.006139068096835842
2015-11-30,-0.31937753150343295
2015-12-01,0.032945674168782024
2015-12-02,0.03940282734893841
2015-12-03,0.2024694298452534
2015-12-04,-0.20137833858392018
2015-12-08,-0.08557592064625996
2015-12-09,-0.12397124259081016
2015-12-11,-0.2613886630316039
2015-12-14,0.12688150428672396
2015-12-15,0.2614946470442169
2015-12-16,0.031786294573281526
2015-12-17,0.07135528513475031
2015-12-18,-0.20880038683542956
2015-12-21,0.01736619300092168
2015-12-22,-0.03460125001075576
2015-12-23,0.15815465577829113
2015-12-24,0.08992271909761917
2015-12-25,-0.03330945378509231
2015-12-28,-0.004795755746695107
2015-12-29,-0.03438451697393119
2015-12-30,-0.16019758869646117
2016-01-04,0.0
2016-01-05,0.03894386714054976
2016-01-06,-0.04927463778692798
2016-01-07,-0.15251089707492294
2016-01-08,0.018449063316704928
2016-01-11,-0.06938980236049563
2016-01-12,-0.00524022556281678
2016-01-13,0.3144821388609692
2016-01-14,-0.16397546101074723
2016-01-15,-0.2276875634464527
2016-01-18,-0.15785824890849987
2016-01-19,0.18667616797319397
2016-01-20,-0.20361925233049194
2016-01-21,-0.0943002794191351
2016-01-22,0.18733707181042825
2016-01-25,0.17934382442759778
2016-01-26,-0.019388832990488547
2016-01-27,0.20318132988004323
2016-01-28,0.05771086008244919
2016-01-29,-0.031142289037018434
2016-02-01,-0.03879395259770779
2016-02-02,-0.16017117366692935
2016-02-03,0.17353276498540604
2016-02-04,0.14295164853376263
2016-02-05,-0.025260004680028425
2016-02-08,-0.17458917214183678
2016-02-09,0.031491405621624
2016-02-10,-0.02816271136548154
2016-02-11,-0.09711917716951357
2016-02-12,0.0738683001306375
2016-02-15,0.19554682064316076
2016-02-16,-0.0879766571202022
2016-02-17,0.04317422058593967
2016-02-18,0.3057627412726749
2016-02-19,0.031196304445160195
2016-02-23,0.03969439386578699
2016-02-24,-0.03524678811048132
2016-02-25,0.05309555917872655
2016-02-26,0.07954273897029329
2016-02-29,-0.12699749736071642
2016-03-01,0.28616426800789607
2016-03-02,0.11097465586130428
2016-03-03,0.1937053029660697
2016-03-04,0.018298647855742534
2016-03-07,0.2876451491415636
2016-03-08,-0.0010931563086070684
2016-03-09,0.058812956859637944
2016-03-10,-0.10158878114808734
2016-03-11,0.03851576562485348
2016-03-14,-0.006536101189766108
2016-03-15,-0.07356598718795682
2016-03-16,0.01499248223025551
2016-03-17,0.30487825948566594
2016-03-18,-0.13195868092056617
2016-03-21,-0.046958471406931324
2016-03-22,-0.010827480889074259
2016-03-23,0.09609597145485282
2016-03-24,-0.14998645595843918
2016-03-25,0.06646022944827856
2016-03-28,0.023352459483518606
2016-03-29,0.0696169419053625
2016-03-30,-0.05599459675562657
2016-03-31,0.07141370029222971
2016-04-01,0.14075200476477367
2016-04-04,-0.014588601040702032
2016-04-05,-0.2007753966256286
2016-04-07,0.08805016835785817
2016-04-08,0.04174131922040447
2016-04-11,-0.07356159463217926
2016-04-12,0.10996199069832824
2016-04-18,0.11744615351920007
2016-04-19,0.05561686299030333
2016-04-20,0.018873470188965014
2016-04-21,0.013494363705985779
2016-04-22,-0.056971235413955434
2016-04-25,-0.15569979809323642
2016-04-26,-0.15538777141559568
2016-04-27,-0.12105266723555985
2016-04-28,-0.15134082739842536
2016-04-29,0.14623337625352517
2016-05-03,0.005989786538694752
2016-05-04,-0.09690881328198331
2016-05-09,0.08861200629106247
2016-05-10,-0.04482887600138796
2016-05-11,-0.24149875805354637
2016-05-12,0.4692977193937239
2016-05-13,-0.13154208118123545
2016-05-16,0.12503088322103162
2016-05-17,0.005449297273314668
2016-05-18,-0.05622622414264289
2016-05-19,-0.0846000570765515
2016-05-23,0.10709110042559344
2016-05-24,-0.10372599701180207
2016-05-25,-0.01616895935331808
2016-05-26,0.0040035853610330685
2016-05-27,0.05171342253196054
2016-05-30,0.057363082705607304
2016-05-31,-0.10498243244812533
2016-06-01,-0.06712799273858294
2016-06-02,0.10789238157253311
2016-06-03,0.06441499553077179
2016-06-06,-0.10786406489643863
2016-06-07,-0.062184709310678765
2016-06-08,0.11258014770361402
2016-06-09,0.061121338816915616
2016-06-10,-0.03533987451636511
2016-06-13,-0.09034306023195227
2016-06-14,-0.053821452523798996
2016-06-15,0.14040315964126937
2016-06-16,-0.12931417588230576
2016-06-17,0.10974470482725907
2016-06-20,-0.050984299112398546
2016-06-21,-0.061067641030412956
2016-06-22,-0.13696832505207668
2016-06-23,0.10070327220339681
2016-06-24,-0.2118551762625125
2016-06-27,0.004082487770547094
2016-06-28,0.013529940627192816
2016-06-29,0.14967451785681007
2016-06-30,-0.005770533891059526
2016-07-04,0.05329460528688068
2016-07-05,-0.06525421692712563
2016-07-06,-0.06629342801050708
2016-07-07,0.039309039131647516
2016-07-08,-0.03726612266327656
2016-07-11,-0.1117318368609369
2016-07-12,-0.05225401220526582
2016-07-13,0.1396149749377763
2016-07-14,-0.05744211931061527
2016-07-15,-0.0752899220792862
2016-07-20,-0.01980914933872835
2016-07-21,-0.02066723088405198
2016-07-22,-0.09340442945165128
2016-07-25,-0.13319312217053825
2016-07-26,-0.16689466514159712
2016-07-27,-0.07630822969144624
2016-07-28,0.005666568062826838
2016-07-29,-0.14224305661405257
2016-08-01,0.014561189330594027
2016-08-02,0.07347980888997274
2016-08-03,-0.028922363914473448
2016-08-04,0.07500592699052266
2016-08-05,0.02717164670050609
2016-08-08,0.15351857373825517
2016-08-09,0.04299752879083529
2016-08-10,0.10119830466521429
2016-08-11,0.22714764774778795
2016-08-15,0.24762728373164666
2016-08-16,0.10197748175015564
2016-08-17,-0.059736074959384045
2016-08-18,0.08825261873008161
2016-08-19,-0.06369406404578382
2016-08-22,0.019598483126651356
2016-08-23,0.04041469689100585
2016-08-24,-0.054345140335803954
2016-08-25,0.12576008101835978
2016-08-26,-0.050897935709900755
2016-08-29,-0.03344783113198779
2016-08-30,0.12447453035194012
2016-08-31,0.04083798912951764
2016-09-01,-0.006153341089925379
2016-09-02,-0.09703789654743666
2016-09-05,-0.009105298717991372
2016-09-06,-0.06721622915547676
2016-09-07,0.0932778571685976
2016-09-08,-0.023240263799372385
2016-09-09,0.09118586690578767
2016-09-12,-0.13758959301705886
2016-09-13,0.16995928921037595
2016-09-14,-0.11006326553465007
2016-09-15,-0.14686341004153736
2016-09-16,-0.009833987456851156
2016-09-19,0.12031121670481415
2016-09-20,-0.04773444051891951
2016-09-21,0.03805335453899017
2016-09-22,0.14329783799959894
2016-09-23,-0.02325678685374044
2016-09-26,0.05000511035510469
2016-09-27,-0.04559633366702076
2016-09-28,-0.002183732769535207
2016-09-29,0.1368130243723149
2016-09-30,-0.0989506658538385
2016-10-03,0.07062594598751715
2016-10-04,0.047718957313899746
2016-10-05,0.010168039625386927
2016-10-06,-0.0065148481286220195
2016-10-07,-0.08833078962066632
2016-10-10,-0.04127560476882797
2016-10-11,0.020134378297039346
2016-10-12,0.07301643228370425
2016-10-13,0.10968086094543872
2016-10-14,-0.09523039235031028
2016-10-17,-0.13848574766854227
2016-10-18,-0.07703144930255024
2016-10-19,-0.03591603549296962
2016-10-20,-0.05828933579629225
2016-10-21,-0.09694749339812714
2016-10-25,-0.029934529505350915
2016-10-26,0.00028361610392024783
2016-10-27,-0.051488711753331806
2016-10-28,-0.04164859298293133
2016-10-31,-0.05234691565291083
2016-11-01,-0.07040147677824182
2016-11-02,0.0173836792207942
2016-11-03,-0.04097166977546074
2016-11-04,-0.022988193461052853
2016-11-07,0.012801750238233378
2016-11-08,-0.062216223937540116
2016-11-09,-0.18766667984588492
2016-11-10,0.16839726768014152
2016-11-11,-0.08269076616372095
2016-11-14,-0.02332987039158685
2016-11-15,-0.016203578687889464
2016-11-16,-0.050549216515697215
2016-11-17,-0.071433472096596
2016-11-18,0.0824686423952311
2016-11-21,-0.05030904383671919
2016-11-22,0.08841800450181037
2016-11-23,-0.009202274219269557
2016-11-24,-0.06761375048622298
2016-11-25,-0.06437136362056806
2016-11-28,-0.043326971440831974
2016-11-29,0.044256721623254225
2016-11-30,0.07179159103415544
2016-12-01,0.1773415008907694
2016-12-02,0.011483510374462047
2016-12-06,0.10347966013355614
2016-12-07,0.039357306564199446
2016-12-08,-0.04675899329602495
2016-12-09,0.0822849666489831
2016-12-13,0.09040796568164167
2016-12-14,0.10688455043109757
2016-12-15,-0.1064308400517665
2016-12-16,0.0860473880324214
2016-12-19,0.003617682472858874
2016-12-20,0.08416162976655339
2016-12-21,-0.08739255547722768
2016-12-22,0.042195551962362465
2016-12-23,-0.008241452358730417
2016-12-26,0.0003582579026781829
2016-12-27,-0.1453351698111942
2016-12-28,0.055558802508547944
2016-12-29,0.03704977310778779
2016-12-30,0.025594781428383895
2017-01-04,0.0
2017-01-05,-0.0451428460430221
2017-01-06,-0.026294112616044196
2017-01-09,0.10668942358416811
2017-01-10,-0.050454858248877854
2017-01-11,-0.09267260427126078
2017-01-12,0.10374455103704627
2017-01-16,-0.052761539463596185
2017-01-17,0.10605900820652403
2017-01-18,0.08481549704654812
2017-01-19,-0.0035871523897470503
2017-01-20,0.012431407763759617
2017-01-23,-0.1466821843398114
2017-01-24,0.1524657410804925
2017-01-25,0.026182548682684104
2017-01-26,0.19114059661966643
2017-01-27,-0.034279405093716075
2017-01-30,0.03671061722541924
2017-01-31,0.008510059167199935
2017-02-01,0.10462655312467095
2017-02-02,-0.0594629887317637
2017-02-03,0.02237331639272966
2017-02-06,0.22055696280067394
2017-02-07,-0.06801930036517434
2017-02-08,-0.01390937625061106
2017-02-09,-0.021957410464109484
2017-02-10,-0.05018689524138287
2017-02-14,-0.14132837215024907
2017-02-15,0.028500184195608402
2017-02-16,-0.03599403468619078
2017-02-17,0.10771924627709928
2017-02-20,0.06720565317888683
2017-02-21,0.04899591928629188
2017-02-22,-0.002526550931677085
2017-02-23,0.03512604956677656
2017-02-24,-0.07575159686407984
2017-02-27,0.05957883472120684
2017-02-28,0.21213191202506132
2017-03-01,0.0943114389374129
2017-03-02,-0.04003711162650836
2017-03-03,0.022496941790128067
2017-03-06,0.016005257628328273
2017-03-07,-0.005982234431679445
2017-03-08,0.13528811764405468
2017-03-09,-0.18759220725956294
2017-03-10,0.04414803272404233
2017-03-13,0.046593760554012764
2017-03-14,-0.045425942651353135
2017-03-15,-0.05519218408868076
2017-03-16,-0.006939683410309039
2017-03-17,-0.28436578119394906
2017-03-20,0.10363300727961966
2017-03-21,0.05049064035634787
2017-03-22,0.0038301577666604025
2017-03-23,0.0691420409662985
2017-03-24,-0.01666666703504749
2017-03-27,-0.01613495130844278
2017-03-28,-0.0748902203157209
2017-03-29,-0.06130227244236541
2017-03-30,-0.042046906943780216
2017-03-31,-0.08014217673298851
2017-04-03,0.028150456012563385
2017-04-04,0.06528242752651026
2017-04-05,-0.004043210908368899
2017-04-07,0.09887587283474975
2017-04-10,0.04057473420374291
2017-04-11,0.09882859672354072
2017-04-12,-0.0011370321772724568
2017-04-17,-0.04923111828694804
2017-04-18,-0.06820392762824745
2017-04-19,-0.070993246133224
2017-04-20,0.027465088651085767
2017-04-21,-0.007418205839711645
2017-04-24,-0.005738659930185075
2017-04-25,0.03648108948035833
2017-04-26,0.1246364446669258
2017-04-27,-0.06444290399273933
2017-04-28,-0.01351261718182184
2017-05-02,0.046461128735044044
2017-05-03,0.052091955500774945
2017-05-04,-0.1373816979127096
2017-05-08,-0.06356422862219613
2017-05-09,-0.14837641062641638
2017-05-11,-0.03291821465065725
2017-05-12,-0.13091810573559903
2017-05-15,0.14866753565109125
2017-05-16,0.03237735225078231
2017-05-17,-0.28552650920004885
2017-05-18,0.04732301535273131
2017-05-19,0.11996466333712341
2017-05-22,-0.029469891085576072
2017-05-23,-0.04189237899666831
2017-05-24,0.08836224484643784
2017-05-25,-0.1301001596488074
2017-05-26,-0.03133156180075436
2017-05-29,0.06838387775507537
2017-05-30,-0.10619500410185567
2017-05-31,0.03732035300615966
2017-06-01,0.03358863280154778
2017-06-02,-0.04807532096042555
2017-06-05,-0.0743553175237529
2017-06-06,-0.014583991877945346
2017-06-07,0.02466847322843979
2017-06-08,-0.03032498275898421
2017-06-09,-0.06957858861248101
2017-06-12,0.0684736902482157
2017-06-13,0.010881520247682186
2017-06-14,-0.14379907184437668
2017-06-15,-0.02278645356273945
2017-06-16,-0.08783897627440695
2017-06-19,0.045125847314530954
2017-06-20,0.04664368277611275
2017-06-21,-0.1378797030868777
2017-06-22,0.02513702906903481
2017-06-23,-0.026574887495617094
2017-06-26,-0.15908598021370057
2017-06-27,-0.02030304470468003
2017-06-28,-0.00018220219524556214
2017-06-29,0.06540625413219059
2017-06-30,0.18167381199750343
2017-07-03,-0.13261193101975144
2017-07-04,0.08533245796205868
2017-07-05,0.07381783688932042
2017-07-06,0.0361214503563444
2017-07-07,-0.017186010896291126
2017-07-11,-0.06490612466361867
2017-07-12,-0.14534893265960447
2017-07-13,0.06202480402363986
2017-07-14,-0.03896990385863708
2017-07-17,0.11590408400662966
2017-07-18,0.11833397522385114
2017-07-19,0.004202960563477687
2017-07-20,0.003368237060193513
2017-07-21,0.05575907680102388
2017-07-24,-0.025954602633251556
2017-07-25,0.1728093631254769
2017-07-26,0.10106026350035102
2017-07-27,0.03598746407334963
2017-07-31,-0.0007892130382772811
2017-08-01,-0.05105476548940335
2017-08-02,-0.10426636977851955
2017-08-03,0.04212801942311928
2017-08-04,-0.039146747354175115
2017-08-07,0.0994292959278722
2017-08-08,-0.05920232683036564
2017-08-09,0.06708861897386476
2017-08-10,-0.08643443691714026
2017-08-11,-0.004934043050101478
2017-08-15,0.040013033594034075
2017-08-16,-0.009503424520518666
2017-08-17,0.02315082780438249
2017-08-18,0.09027376458082115
2017-08-21,0.04569202421570617
2017-08-22,0.024055513420495278
2017-08-23,0.001912675108170503
2017-08-24,-0.1558149077112485
2017-08-25,-0.01216296332918021
2017-08-28,-0.09447737552273494
2017-08-29,0.12451959147676372
2017-08-30,0.020760863331788837
2017-08-31,-0.06247943154315272
2017-09-01,-0.024534602618776935
2017-09-04,0.06392351610004998
2017-09-05,-0.0024215245488817816
2017-09-06,-0.0386795134392961
2017-09-07,0.015537216926013397
2017-09-08,-0.026129449125454784
2017-09-11,-0.08316669516410125
2017-09-12,0.08586701409167119
2017-09-13,-0.04268840118518069
2017-09-14,0.09190452384483228
2017-09-15,0.0291745989203801
2017-09-18,0.14620470059649682
2017-09-19,0.08056402975861143
2017-09-20,-0.04966882824593222
2017-09-21,-0.06348765390863476
2017-09-22,-0.0366725810937899
2017-09-25,-0.03974278923732211
2017-09-26,-0.019529825340301343
2017-09-27,-0.015015957561116178
2017-09-28,-0.05088773694977744
2017-09-29,0.17428788189011624
2017-10-02,0.08137074479933815
2017-10-03,-0.03798104288908388
2017-10-04,-0.13473513096962286
2017-10-05,-0.02283257675244932
2017-10-06,0.13712345647984092
2017-10-09,-0.006765980975488861
2017-10-10,0.03401896918614711
2017-10-11,-0.01931385776750516
2017-10-12,-0.215245217347108
2017-10-16,0.04457106095680663
2017-10-17,-0.05513801178185507
2017-10-18,-0.08009965007112607
2017-10-19,-0.01476208685271907
2017-10-20,-0.051428730648168774
2017-10-24,0.02580904243296256
2017-10-25,-0.12700556213316205
2017-10-27,0.017142755183384817
2017-10-30,0.04335333599499125
2017-10-31,-0.09309882350385035
2017-11-01,-0.05793628860894717
2017-11-02,-0.017958942238199493
2017-11-03,0.08241808027469366
2017-11-06,0.10890123552073472
2017-11-07,0.04567495922197751
2017-11-08,0.05076208986916819
2017-11-09,0.10010374618712714
2017-11-10,-0.14566751808341138
2017-11-13,0.0839478445596249
2017-11-14,-0.04056952957265325
2017-11-15,0.014658234576793272
2017-11-16,0.06897272240327779
2017-11-17,0.04442892773814289
2017-11-20,-0.05422325384144311
2017-11-21,0.14127435308933722
2017-11-22,0.025932667908602047
2017-11-23,0.003697459659211755
2017-11-24,0.005950139854529413
2017-11-27,0.11479165432943472
2017-11-28,-0.10873516256269133
2017-11-29,0.007369815123791645
2017-11-30,-0.07425133721940991
2017-12-01,0.1883504168166743
2017-12-04,0.03972114423786621
2017-12-06,-0.04543996316203369
2017-12-07,0.0757029628446847
2017-12-08,-0.05393532835318593
2017-12-12,0.10665816018358798
2017-12-13,0.009117048362466296
2017-12-14,0.04245550112338159
2017-12-15,0.050544184707690065
2017-12-18,0.04741761758713736
2017-12-19,-0.08957454490759809
2017-12-20,0.07927440156582699
2017-12-21,-0.035620380583100575
2017-12-22,-0.06175322257985638
2017-12-25,-0.03696517549385259
2017-12-26,-0.06639088109731783
2017-12-27,0.03236501029588934
2017-12-28,0.05994972861991699
2017-12-29,-0.1318309976263875
2018-01-03,0.0
2018-01-04,0.05986322685294698
2018-01-05,-0.12603089547807056
2018-01-08,-0.05575842173756107
2018-01-09,0.18307336103532645
2018-01-10,-0.0815399443732916
2018-01-11,0.007999554371513895
2018-01-12,-0.07219663934617282
2018-01-15,0.11770637592796429
2018-01-16,-0.0525533289401755
2018-01-17,0.13180578915109942
2018-01-18,0.01847170572599366
2018-01-19,-0.037897989146438604
2018-01-22,0.0071289662977469526
2018-01-23,0.07419124445714775
2018-01-24,0.006571249494503495
2018-01-25,0.061659170996506196
2018-01-26,0.032741798385472975
2018-01-29,-0.016386221926118938
2018-01-30,-0.023829120837399853
2018-01-31,0.0114233104756023
2018-02-01,-0.05557102101339517
2018-02-02,-0.03147196972235655
2018-02-05,-0.07285075355291104
2018-02-06,0.1521410176170035
2018-02-07,-0.06262522735383469
2018-02-08,-0.13935453668409625
2018-02-09,0.01467098333179151
2018-02-12,-0.04915734484616929
2018-02-13,-0.03304950146676511
2018-02-14,0.10025459588902474
2018-02-15,-0.11142604388799338
2018-02-16,-0.05261958828818314
2018-02-19,0.18793089891949033
2018-02-20,-0.000569670549033785
2018-02-21,0.1415103613275187
2018-02-22,0.13604730622054106
2018-02-23,-0.062241501309773795
2018-02-26,0.07392724033168163
2018-02-27,0.10879570774593372
2018-02-28,-0.07729110404171391
2018-03-02,-0.082182060461099
2018-03-05,0.028246149663207154
2018-03-06,0.17126551779357935
2018-03-07,-0.07416515158253123
2018-03-08,-0.050370509831051846
2018-03-09,0.21757699004298336
2018-03-12,0.06523533089414224
2018-03-13,-0.16742257282106887
2018-03-14,0.028773207947129786
2018-03-15,-0.0009402352775537137
2018-03-16,0.1441504854984086
2018-03-19,-0.0937484053733838
2018-03-20,0.004605892067225059
2018-03-21,-0.060851256086157046
2018-03-22,0.1015366713871424
2018-03-23,-0.022475955786259605
2018-03-26,-0.13894571317455529
2018-03-27,0.17996246809653427
2018-03-28,0.11354068431497355
2018-03-29,0.015928473613549432
2018-03-30,0.025885078007747753
2018-04-02,0.027251062362288248
2018-04-03,0.15496420791484944
2018-04-04,0.12783021959193686
2018-04-05,0.10959243189713064
2018-04-09,0.20062651134820253
2018-04-10,-0.2370333423609743
2018-04-11,-0.009435110296282745
2018-04-12,0.05607603239129544
2018-04-17,-0.06133995390734159
2018-04-18,-0.10146165559812015
2018-04-19,0.15925895105089816
2018-04-20,0.03883043856188362
2018-04-23,0.10922497148868737
2018-04-24,-0.09245331724789418
2018-04-25,0.052973012072997316
2018-04-26,-0.031167815083241512
2018-04-27,0.16502203140773142
2018-04-30,0.04026201298260168
2018-05-02,-0.04875242724519324
2018-05-03,-0.06603534766372421
2018-05-04,-0.07148159506850615
2018-05-07,0.04825751501621289
2018-05-08,-0.0752488954662387
2018-05-09,0.04738021265913983
2018-05-10,-0.07752499652127942
2018-05-11,-0.07938656003508382
2018-05-14,-0.040031303969077614
2018-05-15,-0.09546459487158043
2018-05-16,0.06220873258688153
2018-05-17,0.17895004082424792
2018-05-18,-0.09135403245910012
2018-05-21,-0.21072028230908657
2018-05-22,-0.09976738070950719
2018-05-23,-0.13603335320463017
2018-05-24,-0.1791461965078608
2018-05-25,0.1411201256847039
2018-05-28,-0.2052479707955711
2018-05-30,0.2286830813886137
2018-05-31,-0.02306986549100576
2018-06-01,-0.12234101393762942
2018-06-04,0.05350139735558834
2018-06-05,-0.1583533753666786
2018-06-06,0.15494882138336785
2018-06-07,0.04520927401927177
2018-06-08,-0.07678756647110985
2018-06-11,0.01555542780262631
2018-06-12,-0.04613008788733686
2018-06-13,-0.09244358492360161
2018-06-14,-0.02665355019576776
2018-06-15,-0.11841702443784319
2018-06-18,-0.12869660404445593
2018-06-19,0.16465615131310418
2018-06-20,-0.033448604773428814
2018-06-21,-0.13642351381089757
2018-06-22,0.09842460117541474
2018-06-25,-0.020154519554346995
2018-06-26,0.15390967855888438
2018-06-27,-0.024258379688509413
2018-06-28,-0.07413774145158525
2018-06-29,0.12762417095208967
2018-07-02,-0.32003389080556666
2018-07-03,0.0261843015905161
2018-07-04,-0.09432781220640363
2018-07-05,-0.0011586616203458355
2018-07-06,-0.036778148535578814
2018-07-09,0.07158433701608136
2018-07-10,0.13072728976389192
2018-07-11,-0.01912577024105011
2018-07-12,-0.07076904983300081
2018-07-13,0.01704834687048906
2018-07-16,0.03181139079013107
2018-07-17,-0.08030576252109811
2018-07-18,0.02492276455454523
2018-07-19,-0.05004910312527833
2018-07-20,0.2563260806980229
2018-07-23,0.20320438786157802
2018-07-24,-0.00016588629448610615
2018-07-25,-0.08599451930374935
2018-07-26,-0.07400681191681302
2018-07-31,-0.05149318362976385
2018-08-01,0.26107823283055254
2018-08-02,-0.018814782264977126
2018-08-03,-0.11386484835328936
2018-08-06,0.04812380733016086
2018-08-07,0.09724800160415459
2018-08-08,-0.13561533467687048
2018-08-09,-0.05102248857815961
2018-08-10,-0.026875501623926268
2018-08-14,0.10575783543049999
2018-08-15,0.07021473203140582
2018-08-16,-0.03462510561877685
2018-08-17,-0.02272624837150372
2018-08-20,0.008278914516219982
2018-08-21,0.08842947530407896
2018-08-22,-0.015927965766485697
2018-08-23,-0.03030686275007899
2018-08-24,-0.03760440084632799
2018-08-27,-0.13477717727200356
2018-08-28,0.09736476680969042
2018-08-29,0.06053233167628724
2018-08-30,0.00042292253094455834
2018-08-31,-0.03436841965282211
2018-09-03,0.014043519059875442
2018-09-04,-0.042860017046261856
2018-09-05,-0.03150906863976355
2018-09-06,0.10699147063470094
2018-09-07,-0.08252140076998371
2018-09-10,-0.1640046685552109
2018-09-11,-0.08126875373413878
2018-09-12,-0.054771730546482544
2018-09-13,0.1585247219706165
2018-09-14,-0.08453571330272325
2018-09-17,-0.11408247400193405
2018-09-18,0.05569550744303153
2018-09-19,0.05779463434893051
2018-09-20,0.16657136746947765
2018-09-21,-0.15710502498450263
2018-09-24,0.053001569076754684
2018-09-25,0.08023995580101517
2018-09-26,-0.007119426957012176
2018-09-27,-0.01604458989110924
2018-09-28,-0.12346641165611172
2018-10-01,0.005210201495524869
2018-10-02,-0.13013415798658812
2018-10-03,0.019482662301658626
2018-10-04,-0.0760179188866762
2018-10-05,0.0008016407046773644
2018-10-08,-0.04263563120877334
2018-10-09,0.03503038954143711
2018-10-10,-0.07208270881797685
2018-10-11,0.0023790262850442723
2018-10-12,-0.126718597280295
2018-10-16,-0.1361760054406056
2018-10-17,0.1887075351323375
2018-10-18,-0.05978704325699413
2018-10-19,-0.056944211750761475
2018-10-22,-0.03658993871465743
2018-10-24,-0.1406859999514678
2018-10-25,0.024204597176097242
2018-10-26,-0.051145427703412016
2018-10-29,0.018665311904301318
2018-10-30,-0.0032551957632785955
2018-10-31,0.15125400458170335
2018-11-01,-0.12003461639326762
2018-11-02,0.07982876977717357
2018-11-05,0.013319820452975195
2018-11-06,0.1341888532016854
2018-11-07,0.1605479924535249
2018-11-08,0.09783062402020193
2018-11-09,-0.10031233099492587
2018-11-12,0.05299075803574094
2018-11-13,0.08203347845771158
2018-11-14,-0.16009941485799983
2018-11-15,0.15070237403642117
2018-11-16,0.1662581125834548
2018-11-19,-0.11176643937783448
2018-11-20,0.19200672955073983
2018-11-21,-0.25352787101047425
2018-11-22,0.10190282260129013
2018-11-23,0.00276335254279636
2018-11-26,-0.0551502728984844
2018-11-27,-0.03355296238431671
2018-11-28,-0.07121618634604454
2018-11-29,0.07008608537102601
2018-11-30,0.0014827221261558554
2018-12-03,0.09347252842980858
2018-12-04,0.05774458560897877
2018-12-06,-0.1260844647369581
2018-12-07,-0.1905390907515182
2018-12-11,0.051895619487476785
2018-12-12,-0.0018385406315488684
2018-12-13,-0.14070522085104153
2018-12-14,0.01797511454637335
2018-12-17,0.06366373645962575
2018-12-18,0.09078885675590698
2018-12-19,-0.2949094711843927
2018-12-20,0.03705550609510333
2018-12-21,0.0663645308365991
2018-12-24,-0.008921868176144154
2018-12-25,0.10603057251092707
2018-12-26,0.010096418718454014
2018-12-27,0.04933178077280498
2018-12-28,-0.0657257744540033
2019-01-02,0.0
2019-01-03,0.10353720589097282
2019-01-04,0.45007085575905204
2019-01-07,-0.06629435371342518
2019-01-08,-0.10187300353858242
2019-01-09,0.08702358892290629
2019-01-10,0.21136569039414943
2019-01-11,-0.1775961684133257
2019-01-14,-0.1791693608182573
2019-01-15,0.12393448520626027
2019-01-16,-0.06410666716146163
2019-01-17,0.1352611034333172
2019-01-18,0.4458234347723855
2019-01-21,0.1902604693295823
2019-01-22,-0.2995616510203216
2019-01-23,-0.6423536243508927
2019-01-24,-0.04303477613456941
2019-01-25,-0.20585925539066396
2019-01-28,0.08761382732211698
2019-01-29,0.2007403792993494
2019-01-30,-0.2575443954535941
2019-01-31,-0.05971421991080894
2019-02-01,-0.23167371958592453
2019-02-04,-0.3309137540748289
2019-02-05,0.02100272131162384
2019-02-06,-0.10411860280814389
2019-02-07,-0.05606334365987098
2019-02-08,-0.19050113779164868
2019-02-11,0.25589278992226405
2019-02-12,-0.2338678003907998
2019-02-13,-0.051869957881213846
2019-02-14,-0.018951730851331727
2019-02-15,0.1853195688450423
2019-02-18,0.03808097303461078
2019-02-20,-0.19924177823884093
2019-02-21,-0.08014286624947908
2019-02-22,-0.23966468744757108
2019-02-25,-0.29514846239854575
2019-02-26,-0.2135119135814827
2019-02-27,0.19656933140995092
2019-02-28,-0.1692287153492521
2019-03-01,0.19692425996761986
2019-03-04,0.27760752935492716
2019-03-05,-0.04903370310429478
2019-03-06,-0.07384187535569897
2019-03-07,-0.23297048769822304
2019-03-08,0.11843393491691712
2019-03-11,-0.2655931753581853
2019-03-12,0.12855802467545852
2019-03-13,-0.07040242214926684
2019-03-14,0.1218621731297761
2019-03-15,0.01689374944400779
2019-03-18,0.11946525018971388
2019-03-19,-0.05733919746870564
2019-03-20,-0.25408606821683655
2019-03-21,0.1524543532475532
2019-03-22,0.26307741477622526
2019-03-25,-0.1133469354278438
2019-03-26,0.11297046996507987
2019-03-27,-0.07517398823712795
2019-03-28,0.08539108855425004
2019-03-29,-0.054490446787712754
2019-04-01,-0.1696761852038282
2019-04-02,0.06198406346373153
2019-04-03,-0.0035312534611620094
2019-04-04,0.0663153355730266
2019-04-05,-0.19807211447866657
2019-04-09,0.026128334243621598
2019-04-10,-0.2361222761391828
2019-04-11,-0.19416412062107846
2019-04-12,-0.14171090736207237
2019-04-17,-0.47043955303337637
2019-04-18,-0.16567528166856382
2019-04-19,0.13464670428406034
2019-04-22,-0.14293409086895192
2019-04-23,-0.1612672909378312
2019-04-24,-0.07742899299294137
2019-04-25,-0.06725462821970263
2019-04-26,-0.018900070777451372
2019-04-29,-0.2656306664038527
2019-04-30,0.09866202138136937
2019-05-02,-0.07014995646761424
2019-05-03,0.018191244793690164
2019-05-07,0.13750561179642917
2019-05-08,0.16614256258616822
2019-05-09,0.09049524929780017
2019-05-10,-0.04250634087902305
2019-05-13,0.03094338535426866
2019-05-14,0.2719664829406816
2019-05-15,0.2676416980870129
2019-05-16,-0.28415713310749513
2019-05-17,-0.06167689747844973
2019-05-21,0.0424236462254145
2019-05-22,-0.21504940671180106
2019-05-23,-0.11222089098626786
2019-05-24,-0.015232094151920283
2019-05-27,-0.25538717511752274
2019-05-28,-0.29726318217127534
2019-05-29,-0.0035088330561259262
2019-05-30,0.11315627230224079
2019-05-31,0.10892846827923741
2019-06-04,-0.06960676332292726
2019-06-05,-0.1618844965515437
2019-06-06,-0.2548122388225642
2019-06-07,0.010249947872196463
2019-06-10,-0.037569429720733516
2019-06-11,0.36079891181536805
2019-06-12,-0.0025110052769079516
2019-06-13,-0.04513894150781794
2019-06-14,-0.03190655458775482
2019-06-17,0.08330202976167012
2019-06-18,0.049980311681093625
2019-06-19,-0.10784508429598594
2019-06-20,0.24060617292184905
2019-06-21,0.1885305034367063
2019-06-24,0.2756275278796064
2019-06-25,-0.2047182302519197
2019-06-26,0.14228912789387982
2019-06-27,0.06561538716981707
2019-06-28,0.11674108894206636
2019-07-01,0.2648168807953558
2019-07-02,0.030636928274015873
2019-07-03,-0.24847788143792593
2019-07-04,-0.2024808899280418
2019-07-05,0.0467549050113929
2019-07-08,-0.11771764102779847
2019-07-09,-0.2632276630084345
2019-07-10,0.1883321617638518
2019-07-11,0.1899058773691571
2019-07-12,-0.07207593130527046
2019-07-15,0.15391146300915481
2019-07-17,-0.1339189858030635
2019-07-18,-0.17686598325234648
2019-07-19,-0.27254061266134766
2019-07-22,0.09352527966454882
2019-07-23,0.16589763802102275
2019-07-24,-0.31434003593712334
2019-07-25,-0.18277220636196234
2019-07-26,-0.08468326576411078
2019-07-30,0.3432297437227111
2019-07-31,-0.021191417261602674
2019-08-01,0.022186526931624262
2019-08-02,-0.2604263739311893
2019-08-05,0.11467408886868824
2019-08-06,-0.1545683314099322
2019-08-07,-0.323300390386148
2019-08-08,0.1384525800392682
2019-08-09,0.5893511724447263
2019-08-13,0.15513567679124962
2019-08-14,0.11377083228501383
2019-08-15,-0.09972323109012371
2019-08-16,0.00827924489314591
2019-08-19,-0.21270190524957688
2019-08-20,-0.18325767606036902
2019-08-21,0.17475786310994945
2019-08-22,0.18845734395287972
2019-08-23,-0.1094824475043521
2019-08-26,-0.09131654740978501
2019-08-27,-0.06899934699468446
2019-08-28,0.08430397743093654
2019-08-29,0.32492838575322436
2019-08-30,0.22941354177845708
2019-09-02,-0.2403383912554291
2019-09-03,0.11561735153556041
2019-09-04,0.19832113481552682
2019-09-05,-0.08176280387134782
2019-09-06,-0.06462427409771232
2019-09-09,0.15517914626165552
2019-09-10,-0.14510560781706816
2019-09-11,0.2830105544071275
2019-09-12,-0.02713922919343348
2019-09-13,-0.04840803774376479
2019-09-16,0.008051547625428479
2019-09-17,-0.17918398680921854
2019-09-18,-0.2878701809519927
2019-09-19,0.003952565252860252
2019-09-20,0.1643582062609522
2019-09-23,0.31765837624227744
2019-09-24,0.15943684563170502
2019-09-25,-0.48295298910568063
2019-09-26,-0.08836485352187273
2019-09-27,0.10305436799622525
2019-09-30,0.32223532729944104
2019-10-01,-0.1852080540417158
2019-10-02,-0.02380077072733
2019-10-03,0.07193993254328801
2019-10-04,-0.09336874694258845
2019-10-07,-0.049193313791688786
2019-10-08,-0.029859127421895226
2019-10-09,0.28197712082629445
2019-10-10,-0.23591680512619273
2019-10-11,0.0767133145711939
2019-10-15,0.0714630950016476
2019-10-16,-0.18271185559279202
2019-10-17,-0.20753065453567943
2019-10-18,0.11398115085423965
2019-10-21,0.2573051546688797
2019-10-22,-0.17668333867477737
2019-10-24,0.2377819579617445
2019-10-25,0.16030226571194195
2019-10-28,-0.28632446286546787
2019-10-29,-0.30998411888202904
2019-10-30,0.4663816990297954
2019-10-31,-0.0005036537784692818
2019-11-01,0.000818388726641528
2019-11-04,0.04023368389854065
2019-11-05,-0.08006251229240546
2019-11-06,-0.1760367962393452
2019-11-07,0.03429157798947846
2019-11-08,-0.25203335262517834
2019-11-11,0.07171699303854062
2019-11-12,0.276354451108323
2019-11-13,0.36395907119891646
2019-11-14,-0.06219958052117114
2019-11-15,0.29211636051179946
2019-11-18,-0.014054048530118046
2019-11-19,-0.30245409413639557
2019-11-20,0.040885592385924374
2019-11-21,-0.08271894595145912
2019-11-22,0.09375954128160824
2019-11-25,0.10638524533386318
2019-11-26,-0.15711491951327494
2019-11-27,-0.02791471865430406
2019-11-28,-0.06381360673981062
2019-11-29,-0.12394569540007572
2019-12-02,0.029395986253585082
2019-12-03,-0.20747429006255547
2019-12-04,0.11374880995141334
2019-12-06,-0.009586918014123924
2019-12-09,0.050036597304169095
2019-12-11,-0.13502610109167978
2019-12-12,-0.10718636985612728
2019-12-13,0.06655979394798239
2019-12-16,-0.09596560902581575
2019-12-17,0.15492181133064764
2019-12-18,0.05731112911565883
2019-12-19,-0.09253788655902784
2019-12-20,0.04501135603260653
2019-12-23,0.19837658668585234
2019-12-24,0.17136088304140018
2019-12-25,-0.10853555983090513
2019-12-26,-0.2843444527100668
2019-12-27,-0.038977299118308606
2019-12-30,-0.22575654583043203
2020-01-02,0.0
2020-01-03,0.15629230584733544
2020-01-06,-0.12799593012933408
2020-01-07,-0.20715837027584594
2020-01-08,-0.25709533475564395
2020-01-09,0.4770873292027863
2020-01-10,0.20292264002170446
2020-01-13,-0.26269877931224717
2020-01-14,-0.07592939133411125
2020-01-15,0.09495189318010766
2020-01-16,-0.2454427131956839
2020-01-17,-0.11428911545291398
2020-01-20,0.046638374823349094
2020-01-21,0.06907366341581023
2020-01-22,-0.12164278490724556
2020-01-23,-0.4978488875796565
2020-01-24,0.2321423513272446
2020-01-27,-0.327175530414044
2020-01-28,-0.023037766117380842
2020-01-29,0.2875354881167821
2020-01-30,-0.11410323458243399
2020-01-31,-0.07203447427068066
2020-02-03,-0.10580667569635338
2020-02-04,0.044224272506783846
2020-02-05,-0.24603957621368489
2020-02-06,0.06228691229388694
2020-02-07,0.21717645177435574
2020-02-11,-0.5134297415147772
2020-02-12,-0.07713567524009213
2020-02-13,-0.4997053756632087
2020-02-14,-0.1328273245670505
2020-02-17,0.1630651829143006
2020-02-18,-0.3367169249989028
2020-02-19,0.28645970710071844
2020-02-20,0.0249733859825656
2020-02-21,-0.3000761990839136
2020-02-24,-0.48606847778279016
2020-02-25,0.12437026544079555
2020-02-26,-0.2741105456427819
2020-02-27,0.05417150194414244
2020-02-28,-0.35958558129481544
2020-03-02,0.2158734597738602
2020-03-03,0.24282715114034836
2020-03-04,-0.016728664309687113
2020-03-05,0.03720651846718104
2020-03-06,-0.312677096577363
2020-03-09,-1.8287976167129365
2020-03-10,0.14232189515720262
2020-03-11,-0.1363645495178386
2020-03-12,-0.8089140938493617
2020-03-13,1.2164107525665426
2020-03-16,-0.8503370101190959
2020-03-17,0.49934648334084053
2020-03-18,-0.12061761567780105
2020-03-19,-0.5207876635975802
2020-03-20,0.29925864129716917
2020-03-23,-0.6417697818739923
2020-03-24,1.185699444007911
2020-03-25,0.7564204114561341
2020-03-26,-0.3601585866640853
2020-03-27,0.10074442428273922
2020-03-30,-0.15160039584197216
2020-03-31,0.4663396506382236
2020-04-01,0.11180654558123448
2020-04-02,0.5835157498934345
2020-04-03,0.3781959810029222
2020-04-07,0.7395471385111678
2020-04-08,-0.4710008888600763
2020-04-09,-0.35858234466598626
2020-04-10,-0.47562131988666767
2020-04-13,-0.4097063890606515
2020-04-14,0.5425622860457538
2020-04-15,0.19485686346383446
2020-04-16,-0.7377526923090898
2020-04-17,-0.11333171386589358
2020-04-20,-0.014333955677058752
2020-04-21,-0.27249209156398113
2020-04-22,-0.24902879158513425
2020-04-23,0.039852231928754644
2020-04-24,-0.424677510960637
2020-04-27,-0.3288094781715871
2020-04-28,0.19011058608917342
2020-04-29,0.1791581708999913
2020-04-30,0.4466715277708736
2020-05-05,0.13470965979430893
2020-05-07,-0.22561215420664205
2020-05-08,-0.05183210692583684
2020-05-11,-0.0659866424126847
2020-05-12,0.17137439951795475
2020-05-13,-0.9725515857031208
2020-05-14,-0.18647901593036675
2020-05-15,0.4265528709737014
2020-05-18,-0.13951604410227947
2020-05-19,0.10808564964165623
2020-05-20,-0.2699517542026588
2020-05-21,-0.43604003010273595
2020-05-22,-0.4031594707155566
2020-05-25,0.15913859082855486
2020-05-26,0.10873826581890755
2020-05-27,0.2553027013948561
2020-05-28,-0.02844040850612506
2020-05-29,-0.070698872203238
2020-06-01,0.37385178026033883
2020-06-02,0.44749456390682996
2020-06-04,0.22216931644617444
2020-06-05,0.024989290138406117
2020-06-08,-0.16180435033188878
2020-06-09,-0.4046865572982521
2020-06-10,-0.21367882805799943
2020-06-11,-0.37805651180579325
2020-06-12,-0.6324344841926982
2020-06-15,-0.5749810153098514
2020-06-16,0.3971354540971904
2020-06-17,0.23916313590998373
2020-06-18,-0.0491630121309401
2020-06-19,-0.7602493745049732
2020-06-22,-0.15245242380592117
2020-06-23,0.042464484001620506
2020-06-24,-0.6889550467509662
2020-06-25,-0.1987043535056232
2020-06-26,0.12728932241878155
2020-06-29,-0.45093597564727605
2020-06-30,0.037876062708506186
2020-07-01,0.3401813202668289
2020-07-02,0.3154068650953398
2020-07-03,-0.20376358092741997
2020-07-07,-0.37788012877452437
2020-07-08,-0.10955440720189524
2020-07-09,-0.11617703404544677
2020-07-10,-0.3015010568893943
2020-07-13,-0.1990944639839881
2020-07-14,-0.13944363399169435
2020-07-15,0.005466234724791019
2020-07-16,-0.0447840622791984
2020-07-17,-0.25709883709463455
2020-07-20,-0.4098610122940066
2020-07-21,0.7750894335761823
2020-07-22,-0.21381986923036744
2020-07-23,0.050846019747208926
2020-07-24,-0.22726124149137272
2020-07-29,-0.1605210329827229
2020-07-30,-0.37262695860028205
2020-07-31,0.08448748681829898
2020-08-03,-0.20914762567053857
2020-08-04,-0.21323951175654254
2020-08-05,0.31811874401272366
2020-08-06,0.3023235555913849
2020-08-07,-0.2401221738757543
2020-08-10,-0.30665063669094905
2020-08-11,0.35491631264321377
2020-08-13,0.5909516644282944
2020-08-14,-0.5235255543382815
2020-08-17,0.3600512550765037
2020-08-18,0.04290002479137245
2020-08-19,-0.08601723738965761
2020-08-20,-0.3316146050163987
2020-08-21,-0.31549639893805637
2020-08-24,-0.09876671552888572
2020-08-25,0.4332440060054399
2020-08-26,-0.40885765279667163
2020-08-27,0.06906965286891853
2020-08-28,-0.039895544473579236
2020-08-31,-0.1291289212604647
2020-09-01,-0.407852204356428
2020-09-02,0.02445042117370777
2020-09-03,-0.3600756313725889
2020-09-08,-0.45460339795931304
2020-09-09,-0.08772397260428177
2020-09-10,-0.38736279699217846
2020-09-11,0.12858463663119835
2020-09-14,0.04534051424359953
2020-09-15,-0.06428856355190504
2020-09-16,-0.03552039926292161
2020-09-17,0.16834272611485934
2020-09-18,-0.05711524512187771
2020-09-21,-0.6649338216755876
2020-09-22,-0.500783202519703
2020-09-23,-0.9643924697104448
2020-09-24,-0.038326008887185736
2020-09-25,-0.3137514390242726
2020-09-28,0.18041089814962452
2020-09-29,0.08011294110192646
2020-09-30,-0.23396015253601865
2020-10-01,0.24745455005490213
2020-10-02,-0.5354622356501971
2020-10-05,-0.10614745706459727
2020-10-06,0.3843188063372698
2020-10-07,0.05903690306102205
2020-10-08,-0.09572483215407579
2020-10-09,-0.0008081466103891932
2020-10-12,0.17183061064147376
2020-10-14,-0.5926559719236714
2020-10-15,0.4128736649344058
2020-10-16,-0.05378729359813894
2020-10-19,-0.24992438719752275
2020-10-20,-0.12983081299954025
2020-10-21,0.27137203414124267
2020-10-22,-0.20242034661924013
2020-10-26,-0.14656265217960696
2020-10-27,-0.029751658520670188
2020-10-28,-0.3754502252582693
2020-10-29,-0.004694678537069952
2020-10-30,-0.022835245165105156
2020-11-02,0.25653445999620494
2020-11-03,0.34657685685498496
2020-11-04,-0.3956803036496792
2020-11-05,0.9550940408914121
2020-11-06,0.17791477592380878
2020-11-09,0.7254619231922617
2020-11-10,2.5846255318247606
2020-11-11,-0.37106900013910893
2020-11-12,-0.30876289661369805
2020-11-13,0.3094996964461203
2020-11-16,0.15013590220977913
2020-11-17,0.2804341299904777
2020-11-18,-0.05510628080138158
2020-11-19,-0.10803903390634528
2020-11-20,-0.07905592786245641
2020-11-23,0.7213545325359622
2020-11-24,-0.5648573706010025
2020-11-25,0.3351606058230252
2020-11-26,-0.1273084022116191
2020-11-27,-0.21323272499460066
2020-11-30,-0.5567185035034091
2020-12-01,-0.04516756563647406
2020-12-02,0.15135513124608013
2020-12-03,0.413899376264907
2020-12-04,0.14180060174305797
2020-12-08,0.6300111582743246
2020-12-09,0.3969319228245798
2020-12-14,-0.16577037467065603
2020-12-15,-0.41630638680382237
2020-12-16,-0.22359346235319777
2020-12-17,-0.07865030000729345
2020-12-18,-0.37307021886845737
2020-12-21,-0.32773439018230377
2020-12-22,0.19173854910798793
2020-12-23,-0.47023019580844194
2020-12-24,0.33350249852771285
2020-12-25,0.5497421571744084
2020-12-28,-0.16360721203270934
2020-12-29,-0.3669099274443708
2020-12-30,-0.32018853924282764
2021-01-04,0.0
2021-01-05,0.8065161234697453
2021-01-06,-0.31863218311003494
2021-01-07,-0.6314348354284942
2021-01-08,0.26426887443038216
2021-01-11,-0.525424915167865
2021-01-12,0.6030564303573531
2021-01-13,0.5554871597379737
2021-01-14,-0.020741474989525388
2021-01-15,-0.44386651578027614
2021-01-18,-0.39297541798017954
2021-01-19,0.15369824732480608
2021-01-20,-0.4040255911002031
2021-01-21,0.45967192656632994
2021-01-22,-0.2788074411117123
2021-01-25,-0.08307667228894478
2021-01-26,0.1559027400287719
2021-01-27,-0.6722132829944472
2021-01-28,-0.37604021038547186
2021-01-29,-0.3999841799714807
2021-02-01,0.19818397512145824
2021-02-02,-0.054189468948928954
2021-02-03,-0.06772923017195132
2021-02-04,0.08368675371218015
2021-02-05,-0.05282519104938099
2021-02-08,0.6672641791689113
2021-02-09,0.05130733672752075
2021-02-10,0.33718450164372415
2021-02-11,-0.42946798979568546
2021-02-15,0.1283813180364345
2021-02-16,-0.02207960993691127
2021-02-17,-0.06318342027359458
2021-02-18,0.39265422325968025
2021-02-19,-0.19599108985362368
2021-02-22,-0.34789998578611314
2021-02-23,0.23258690070235377
2021-02-24,-0.513753665236336
2021-02-25,0.33371117563299635
2021-03-01,-0.08198634191451326
2021-03-02,-0.3123729650039998
2021-03-03,0.06959543927343481
2021-03-04,-0.14467886647341177
2021-03-05,0.4828913263259552
2021-03-08,-0.3768828703665701
2021-03-09,0.07620819846914761
2021-03-10,0.13729250688182637
2021-03-11,0.3096451719911232
2021-03-12,-0.7242003666758792
2021-03-15,0.0028741691269146274
2021-03-16,-0.36753801618541926
2021-03-17,0.20440241238960322
2021-03-18,-0.01783033042302995
2021-03-19,-0.5814358768566552
2021-03-22,0.22581975156555734
2021-03-23,-0.8448821638409592
2021-03-24,0.3211423971972951
2021-03-25,0.362116449304942
2021-03-26,0.04389950616408966
2021-03-29,-0.05101060162641491
2021-03-30,-0.34674438435052357
2021-03-31,0.18566940501619666
2021-04-01,-0.3244614394204569
2021-04-02,-0.17746127961161318
2021-04-05,-0.31441202793445255
2021-04-07,-0.06951892855786235
2021-04-08,-0.3908122718874485
2021-04-09,-0.11900426585033574
2021-04-12,0.19520712700875165
2021-04-16,-0.15444720485436392
2021-04-19,-0.7734059009159708
2021-04-20,0.2317835361261128
2021-04-21,-0.34557039280372137
2021-04-22,0.1743537232252339
2021-04-23,-0.05326711329953193
2021-04-26,-0.5724180639163652
2021-04-27,-0.012669473069283566
2021-04-28,-0.08156548227187599
2021-04-29,-0.2057482362759292
2021-04-30,-0.04190252260010885
2021-05-05,-0.3059717270581973
2021-05-06,0.4409304371092416
2021-05-07,0.4169058472038971
2021-05-10,0.48670171905926984
2021-05-11,0.5210699900918382
2021-05-12,-0.7412568675570287
2021-05-13,-0.027147206008060643
2021-05-14,0.31601984685592155
2021-05-17,0.17569717240974558
2021-05-18,-0.4536027407026445
2021-05-19,-0.3601953890291646
2021-05-20,-0.07540418223490253
2021-05-21,0.10001664815746936
2021-05-24,-0.19816542992872488
2021-05-25,0.025944241747906993
2021-05-27,0.569833092030267
2021-05-28,-0.29559409197460207
2021-05-31,0.2146969420499636
2021-06-01,0.16150286241001455
2021-06-02,0.05916889724017871
2021-06-04,-0.48626424229724485
2021-06-07,0.19327308369355212
2021-06-08,0.1341178405825294
2021-06-09,0.31557820085912347
2021-06-10,-0.1475970838393068
2021-06-11,0.29913552227795714
2021-06-14,0.2333562334089362
2021-06-15,0.10079788876180318
2021-06-16,-0.1640205922420207
2021-06-17,-0.4702832152496583
2021-06-18,0.02879776357689301
2021-06-21,-0.23154298467975742
2021-06-22,-0.0531391706468316
2021-06-23,0.26203042702514945
2021-06-24,-0.3858818028130687
2021-06-25,0.05033072242522352
2021-06-28,-0.2571285887108383
2021-06-29,-0.28991543822288357
2021-06-30,-0.36584114895220576
2021-07-01,-0.048919415793959975
2021-07-02,-0.13507013833079506
2021-07-05,0.2054401103019805
2021-07-06,-0.21721333230045936
2021-07-07,-0.25594061551525926
2021-07-08,0.0036957692180126234
2021-07-09,-0.09933551819685815
2021-07-12,-0.483373606115413
2021-07-13,0.1709353620494809
2021-07-14,-0.6477459879937806
2021-07-15,-0.11035852333490537
2021-07-16,0.09313198200426243
2021-07-19,-0.04009452405220515
2021-07-20,0.10568117609980487
2021-07-21,-0.003678293196954896
2021-07-22,0.02226384884188748
2021-07-23,-0.28497074244224385
2021-07-27,0.102473251992651
2021-07-29,0.5380216691526806
2021-07-30,-0.5145696072428607
2021-08-02,0.631412287602262
2021-08-03,-0.3723042851051612
2021-08-04,-0.16833480252762534
2021-08-05,-0.6205225920002081
2021-08-06,-0.1609050619000214
2021-08-09,0.16244087477764269
2021-08-10,0.0789693265614766
2021-08-11,0.6491815368734555
2021-08-13,1.1918786118304865
2021-08-16,0.28161234783285494
2021-08-17,0.17935699434253005
2021-08-18,0.12788634506657015
2021-08-19,-0.012170164275228434
2021-08-20,0.20501653738799075
2021-08-23,0.39619735947661505
2021-08-24,0.013522784873162719
2021-08-25,-0.06564326373408247
2021-08-26,-0.1749739531267589
2021-08-27,0.0593400600157431
2021-08-30,0.10772326203090965
2021-08-31,0.18369339470066404
2021-09-01,-0.06352475501914556
2021-09-02,0.25340995010076717
2021-09-03,0.18707223746067003
2021-09-06,0.06541112477774069
2021-09-07,0.11896809559861465
2021-09-08,-0.34323464225034395
2021-09-09,-0.3312472253488544
2021-09-10,0.07372845946410878
2021-09-13,0.014578744826390877
2021-09-14,0.13533153392050312
2021-09-15,-0.11113430540295322
2021-09-16,0.24713865979576333
2021-09-17,-0.35539944294106696
2021-09-20,-0.2752641631076256
2021-09-21,0.13690126676309589
2021-09-22,-0.025518468935772254
2021-09-23,0.988401230716685
2021-09-27,0.5783295642051117
2021-09-28,0.19651021605599506
2021-09-29,-0.07873282770982926
2021-09-30,0.21925630521893635
2021-10-01,-0.026448814285049194
2021-10-04,0.07725594062015684
2021-10-05,0.28658842185430566
2021-10-06,0.12578751117075915
2021-10-07,-0.0008165655210385925
2021-10-08,-0.29169545052008095
2021-10-11,-0.02468505575505542
2021-10-12,0.5142575197866552
2021-10-14,0.031952371527350865
2021-10-15,0.032457536587559566
2021-10-18,-0.11666363909637689
2021-10-19,-0.04578659616007774
2021-10-20,-0.30681348147514087
2021-10-21,-0.22939007974138592
2021-10-25,-0.21900808029180907
2021-10-26,0.009165048034398993
2021-10-27,-0.3685676855515758
2021-10-28,-0.0645574383039228
2021-10-29,-0.07104869405730607
2021-11-01,-0.31559298494675236
2021-11-02,0.6947445597703988
2021-11-03,-0.004409952067309542
2021-11-04,-0.16194772201571217
2021-11-05,-0.34509081203428726
2021-11-08,0.2597821076125245
2021-11-09,0.06338892998808787
2021-11-10,-0.30859999042578623
2021-11-11,-0.20243499050349045
2021-11-12,-0.13656970303910476
2021-11-15,-0.14077065896778296
2021-11-16,0.12308810144126625
2021-11-17,-0.5666294477016741
2021-11-18,0.19133502719814344
2021-11-19,0.09677373153818347
2021-11-22,-0.2226356361096139
2021-11-23,-0.11351463343333656
2021-11-24,0.10659506980336009
2021-11-25,-0.07849401837360792
2021-11-26,-0.1353615183838388
2021-11-29,-0.05279051535393409
2021-11-30,-0.23179355312554617
2021-12-01,0.03540647542951969
2021-12-02,0.04586334551887905
2021-12-03,0.09099309810722589
2021-12-07,0.026998306415263795
2021-12-08,-0.34290243963214295
2021-12-09,-0.3439302511011041
2021-12-13,-0.044748198771436876
2021-12-14,-0.055161176590658445
2021-12-15,-0.12123161480316036
2021-12-16,0.4134743497745421
2021-12-17,-0.06576492561647285
2021-12-20,-0.230034352129855
2021-12-21,-0.15778574667435463
2021-12-22,-0.35021075638275656
2021-12-23,-0.10575758142924907
2021-12-24,0.11434469303230854
2021-12-27,-0.21011942864840605
2021-12-28,0.3894354798948655
2021-12-29,-0.15377795254299087
2021-12-30,-0.48565668627755876
2022-01-04,0.0
2022-01-05,-0.2521410801860344
2022-01-06,-0.029777247917689986
2022-01-07,0.10199165575003977
2022-01-10,-0.23896770745568796
2022-01-11,0.367692074390629
2022-01-12,0.009840431936399607
2022-01-13,-0.27741432009183475
2022-01-14,0.28377474284921655
2022-01-17,-0.0008034388832932615
2022-01-18,0.2506211000700094
2022-01-19,0.044347673059947024
2022-01-20,0.6093588196381617
2022-01-21,0.43039065362782425
2022-01-24,0.34326035709902125
2022-01-25,-0.11840897459563948
2022-01-26,0.06618287341623008
2022-01-27,0.07978492734025067
2022-01-28,0.04413354346400167
2022-01-31,-0.0022352884031467957
2022-02-01,-0.5422882157844802
2022-02-02,-0.4036564217082049
2022-02-03,0.36390777887424686
2022-02-04,-0.06604893039602877
2022-02-07,-0.16654035679201296
2022-02-08,0.01860229093556187
2022-02-09,0.7944736244436648
2022-02-10,0.37928778171248323
2022-02-11,0.25850724603741726
2022-02-14,0.4109303149693284
2022-02-15,-0.35111381682833376
2022-02-17,0.3281120900693554
2022-02-18,-0.19757350814596641
2022-02-21,-0.055154378684621475
2022-02-22,-0.18920552295261805
2022-02-23,-0.2479308716210954
2022-02-24,-0.09223471527712324
2022-02-25,-0.16931104729960123
2022-02-28,-0.03862752853738993
2022-03-01,-0.37406498266593424
2022-03-02,0.3367563867516017
2022-03-03,0.15028914956322792
2022-03-04,-0.08977345476194509
2022-03-07,0.2539916012360568
2022-03-08,0.5044958768576665
2022-03-09,-0.3369696467991501
2022-03-10,-0.29424259758428684
2022-03-11,-0.046665764854919245
2022-03-14,-0.10835315269690471
2022-03-15,0.07594482864202856
2022-03-16,-0.19012530896202529
2022-03-17,0.2576239796263682
2022-03-18,0.20049329524540327
2022-03-21,-0.062273743684792326
2022-03-22,0.25285048980586033
2022-03-23,-0.3832732541839502
2022-03-24,0.1788007208662976
2022-03-25,0.10844978656502346
2022-03-28,-0.1803223829214784
2022-03-29,-0.12514384551952729
2022-03-30,-0.1568021860191564
2022-03-31,-0.5101253995140542
2022-04-01,-0.11715024058266976
2022-04-04,0.09646997575210703
2022-04-05,0.331712015268097
2022-04-07,-0.09604245915899845
2022-04-08,0.39585484072751564
2022-04-11,0.296142507893156
2022-04-12,-0.10800242395043047
2022-04-18,-0.25995943994946125
2022-04-19,-0.42898880502402403
2022-04-20,-0.14504354036709555
2022-04-21,-0.028806641837550995
2022-04-22,0.05953621252404151
2022-04-25,0.1585962937520139
2022-04-26,0.19043313801542927
2022-04-27,0.5933716987663635
2022-04-28,0.14847497389189446
2022-04-29,-0.16605432682187637
2022-05-03,0.0664308931843306
2022-05-05,-0.17302131302213597
2022-05-06,-0.2484572711939621
2022-05-09,0.5141227053322774
2022-05-10,-0.07959784753055765
2022-05-11,0.5127546459816426
2022-05-12,0.22401096834942624
2022-05-13,-0.08134980972345096
2022-05-17,0.046675868702415135
2022-05-18,-0.11960522311635335
2022-05-19,0.17227190023427785
2022-05-20,-0.03334457022111592
2022-05-23,0.08073362955768071
2022-05-24,-0.30015821673862497
2022-05-25,-0.02212863416225297
2022-05-26,-0.3682347960117315
2022-05-27,0.056606808766521466
2022-05-30,0.053338809108791074
2022-05-31,0.10537251054042218
2022-06-01,-0.3328196618245237
2022-06-02,0.05081027935162308
2022-06-06,0.23951318541082112
2022-06-07,-0.2595475863351837
2022-06-08,-0.04824998488559662
2022-06-09,0.18896985532586008
2022-06-10,-0.1560038643807098
2022-06-13,-0.03666697418051057
2022-06-14,0.23954128157810073
2022-06-15,0.14499811955484143
2022-06-16,0.1802080373329753
2022-06-17,-0.2518771657103236
2022-06-20,0.13305297426296792
2022-06-21,0.11409428698971114
2022-06-22,0.20568865954997184
2022-06-23,-0.21756169549513116
2022-06-24,0.03861687796063429
2022-06-27,-0.07256479372864189
2022-06-28,0.2731015318205663
2022-06-29,0.1181518703668114
2022-06-30,-0.06314543348060253
2022-07-01,0.12197827337021017
2022-07-04,0.29744634884498633
2022-07-05,0.9359420733567105
2022-07-06,0.17040780472233985
2022-07-07,-0.3340696784938142
2022-07-08,0.1952877670048011
2022-07-11,0.24179744269612224
2022-07-12,-0.036318806024437045
2022-07-14,-0.05709280993312915
2022-07-15,0.12542099605783974
2022-07-18,0.0768076331492018
2022-07-19,0.06690198722843599
2022-07-20,-0.417751930693825
2022-07-21,0.1299055654138288
2022-07-22,-0.0633924322060937
2022-07-25,0.03465849872697735
2022-07-26,-0.01529267822004099
2022-07-27,0.0257877904771886
2022-08-01,-0.41131346147919323
2022-08-02,0.24859562570017757
2022-08-03,0.054880383094170204
2022-08-04,-0.2879972899131583
2022-08-05,-0.18710745402119977
2022-08-08,0.20087327232685026
2022-08-09,0.4071883197751327
2022-08-10,0.6772063406617751
2022-08-11,-0.07894008343536052
2022-08-15,0.012304630289927565
2022-08-16,0.36409553469391953
2022-08-17,-0.06586856391401796
2022-08-18,0.02071789847907335
2022-08-19,-0.24471833787511155
2022-08-22,-0.053855822899537276
2022-08-23,0.08881381568207547
2022-08-24,-0.08509162167015549
2022-08-25,-0.165058915759137
2022-08-26,0.19231908959447186
2022-08-29,0.0035436280654668195
2022-08-30,0.24328258874503328
2022-08-31,0.11744161776707596
2022-09-01,-0.11731041591278424
2022-09-02,0.06806142872318721
2022-09-05,0.4551088352232012
2022-09-06,-0.4232727600119275
2022-09-07,0.13670296193453935
2022-09-08,0.02741081776346166
2022-09-09,0.34788462129807585
2022-09-12,-0.4092976425454645
2022-09-13,-0.20009727596290772
2022-09-14,-0.1960068141736856
2022-09-15,-0.29842698447873184
2022-09-16,0.0759928437167059
2022-09-19,0.5343326013951238
2022-09-20,0.16674242943990913
2022-09-21,0.23690561789773412
2022-09-22,0.007184665151894198
2022-09-23,0.2954652852565458
2022-09-26,0.3607548136962557
2022-09-27,0.4722185226367459
2022-09-28,0.2382492545619046
2022-09-29,0.47849908301577426
2022-09-30,-0.1372706631420122
2022-10-03,0.3955263744020028
2022-10-04,-0.0018285040937742192
2022-10-05,0.2058192090278872
2022-10-06,-0.40012121692133595
2022-10-07,0.2622667137153988
2022-10-10,0.22626242682750652
2022-10-11,-0.08597627402245911
2022-10-12,-0.13929459444593528
2022-10-17,-0.010404988717312103
2022-10-18,-0.27793081072798287
2022-10-19,0.02633662738450615
2022-10-20,-0.0061288087343757125
2022-10-21,0.18075273916755286
2022-10-25,0.3741561942852495
2022-10-26,-0.02312263837690809
2022-10-27,-0.15328047999732108
2022-10-28,0.3371999546981115
2022-10-31,0.11162296111796222
2022-11-01,-0.10888951879293962
2022-11-02,0.1424451344768385
2022-11-03,-0.07686829132963835
2022-11-04,-0.15947835379314723
2022-11-07,0.215172578525743
2022-11-08,0.04185182632810114
2022-11-09,0.17575399775689793
2022-11-10,-0.17471513783991088
2022-11-11,0.07250744700012624
2022-11-14,-0.259037785187206
2022-11-15,-0.014731529576845315
2022-11-16,-0.07320975828839449
2022-11-17,0.055233123917892146
2022-11-18,0.05325370854903855
2022-11-21,-0.0652368628075618
2022-11-22,0.007818553826876462
2022-11-23,-0.032893297701374835
2022-11-24,0.0028325924284601234
2022-11-25,-0.16396921595309444
2022-11-28,0.2070640042407016
2022-11-29,0.2535637269991218
2022-11-30,0.23126702002551713
2022-12-01,-0.13149164883851783
2022-12-02,-0.7535521419563506
2022-12-06,-0.14051945756150608
2022-12-07,-0.014255004462729315
2022-12-08,-0.10367577856686849
2022-12-09,-0.1419889398816876
2022-12-13,0.03919033942178385
2022-12-14,0.032779273938837394
2022-12-15,0.32598024634607503
2022-12-16,0.14807843254131947
2022-12-19,0.06334804546106876
2022-12-20,0.33561186377352736
2022-12-21,0.39606729340150637
2022-12-22,-0.11671413141897802
2022-12-23,0.2439176971214625
2022-12-26,0.01895886402968383
2022-12-27,-0.06337776861140221
2022-12-28,0.025315497046732083
2022-12-29,0.28063651465060513
2022-12-30,-0.07937552635268785
